<?xml version="1.0" encoding="utf-8" ?><dwsync><file name="item.png" server="birondesign.com" local="3418286613" remote="12008251112" /><file name="item10.png" server="birondesign.com" local="3418286294" remote="12008251112" /><file name="item2.png" server="birondesign.com" local="3418286382" remote="12008251112" /><file name="item3.png" server="birondesign.com" local="3418286851" remote="12008251112" /><file name="item4.png" server="birondesign.com" local="3418286639" remote="12008251112" /><file name="item5.png" server="birondesign.com" local="3418286876" remote="12008251172" /><file name="item6.png" server="birondesign.com" local="3418286491" remote="12008251172" /><file name="item7.png" server="birondesign.com" local="3418286568" remote="12008251172" /><file name="item8.png" server="birondesign.com" local="3418286356" remote="12008251172" /><file name="item9.png" server="birondesign.com" local="3418286521" remote="12008251172" /><file name=".DS_Store" server="birondesign.com" local="3418319500" remote="12008251112" /></dwsync>